create database QUANLYBANHANG;
GO
--USE DATABASE
USE QLBANHANG;
GO

CREATE TABLE KHACHHANG
(
MAKH NVARCHAR(10) NOT NULL,
HOTEN NVARCHAR(50) NOT NULL,
DCHI NVARCHAR(1000),
SODT NVARCHAR(10),
NGSINH DATETIME,
DOANHSO MONEY,
NGDK DATETIME
);
--SET PRIMARY KEY FOR TABLE KHACHHANG
ALTER TABLE KHACHHANG
ADD CONSTRAINT PK_KHACHHANG PRIMARY KEY (MAKH);

CREATE TABLE NHANVIEN(
MANV NVARCHAR(10) NOT NULL,
HOTEN NVARCHAR(50) NOT NULL,
NGVL DATETIME,
SODT NVARCHAR(10)
);
--SET PRIMARY KEY FOR TABLE NHANVIEN
ALTER TABLE NHANVIEN
ADD CONSTRAINT PK_NHANVIEN PRIMARY KEY (MANV);

CREATE TABLE SANPHAM(
MASP NVARCHAR(10) NOT NULL,
TENSP NVARCHAR(50) NOT NULL,
DVT NVARCHAR(10),
NUOCSX NVARCHAR(50),
GIA MONEY
);
--SET PRIMARY KEY FOR TABLE SANPHAM
ALTER TABLE SANPHAM
ADD CONSTRAINT PK_SANPHAM PRIMARY KEY (MASP);

CREATE TABLE HOADON(
SOHD NVARCHAR(10) NOT NULL,
NGHD DATETIME,
MAKH NVARCHAR(10) NOT NULL,
MANV NVARCHAR(10) NOT NULL,
TRIGIA MONEY
);

ALTER TABLE HOADON
ALTER COLUMN MAKH NVARCHAR(10);

--SET PRIMARY KEY FOR TABLE HOADON
ALTER TABLE HOADON
ADD CONSTRAINT PK_HOADON PRIMARY KEY (SOHD);
--SET FOREIGN KEY MAKH FOR TABLE HOADON
ALTER TABLE HOADON
ADD CONSTRAINT FK_HOADON_MANV_NHANVIEN
FOREIGN KEY (MANV) REFERENCES NHANVIEN(MANV);
--SET FOREIGN KEY MAKH FOR TABLE KHACHHANG
ALTER TABLE HOADON
ADD CONSTRAINT FK_HOADON_MAKH_KHACHHANG
FOREIGN KEY (MAKH) REFERENCES KHACHHANG(MAKH);

CREATE TABLE CTHD (
SOHD NVARCHAR(10) NOT NULL,
MASP NVARCHAR(10) NOT NULL,
SL INT
);
--SET PRIMARY KEY FOR TABLE CTHD
ALTER TABLE CTHD
ADD CONSTRAINT PK_CTHD PRIMARY KEY (SOHD,MASP);

--CAU2: ADD GHICHU INTO TABLE SANPHAM
ALTER TABLE SANPHAM
ADD GHICHU NVARCHAR(100);

--CAU3: ADD LOAIKH INTO TABLE KHACHHANG
ALTER TABLE KHACHHANG
ADD LOAIKH TINYINT;

--CAU4: ALTER GHICHU TO NVARCHAR(100) IN TABLE SANPHAM
ALTER TABLE SANPHAM
ALTER COLUMN GHICHU NVARCHAR(100);

--CAU5:
ALTER TABLE SANPHAM
DROP COLUMN GHICHU;

--CAU6: CHECK LOAI KHACH HANG
ALTER TABLE KHACHHANG
ADD CONSTRAINT CHECK_LOAIKH
CHECK (LOAIKH IN ('Vang lai','Thuong xuyen','VIP'));

--CAU7: CHECK DVT
ALTER TABLE SANPHAM
ADD CONSTRAINT CHECK_DVT
CHECK (DVT IN ('Cay','Hop','Cai','Quyen','Chuc'));

--CAU8: CHECK GIA >=500
ALTER TABLE SANPHAM
ADD CONSTRAINT CHECK_GIA
CHECK (GIA>=500);

SET DATEFORMAT DMY;

--CAU1:
INSERT INTO NHANVIEN(MANV,HOTEN,SODT,NGVL) VALUES ('NV01','NGUYEN NHU NHUT','0927345678','13/04/2006')
INSERT INTO NHANVIEN(MANV,HOTEN,SODT,NGVL) VALUES ('NV02','LE THI PHI YEN','0987567390','21/04/2006')
INSERT INTO NHANVIEN(MANV,HOTEN,SODT,NGVL) VALUES ('NV03','NGUYEN VAN B','0997047382','27/04/2006')
INSERT INTO NHANVIEN(MANV,HOTEN,SODT,NGVL) VALUES ('NV04','NGO THANH TUAN','0913758498','24/06/2006')
INSERT INTO NNHAVIEN(MANV,HOTEN,SODT,NGVL) VALUES ('NV05','NGUYEN THI TRUC THANH','0918590387','20/07/2006')
ALTER TABLE KHACHHANG
DROP CONSTRAINT CHECK_LOAIKH;

ALTER TABLE KHACHHANG
ALTER COLUMN LOAIKH NVARCHAR(20);

INSERT INTO KHACHHANG(MAKH,HOTEN,DCHI,SODT,NGSINH,NGDK,DOANHSO) VALUES ('KH01','NGUYEN VAN A','731TRAN HUNG DAO,Q5,THHCM','08823451','22/10/1960','22/07/2006',13060000)
INSERT INTO KHACHHANG(MAKH,HOTEN,DCHI,SODT,NGSINH,NGDK,DOANHSO) VALUES ('KH02','TRAN NGOC HAN','23/5NGUYEN TRAI,Q5,TPHCM','0908256478','03/04/1974','30/07/2006',280000)
INSERT INTO KHACHHANG(MAKH,HOTEN,DCHI,SODT,NGSINH,NGDK,DOANHSO) VALUES ('KH03','TRAN NGOC LINH','45NGUYEN CANH CHAN,Q1,TPHCM','0938776266','10/06/1980','05/05/2006',3860000)
INSERT INTO KHACHHANG(MAKH,HOTEN,DCHI,SODT,NGSINH,NGDK,DOANHSO) VALUES ('KH04','TRAN MINH LONG','50/34LE DAI HANH,Q10,TPHCM','0917325476','09/03/1965','02/10/2006',250000)
INSERT INTO KHACHHANG(MAKH,HOTEN,DCHI,SODT,NGSINH,NGDK,DOANHSO) VALUES ('KH05','LE NHAT MINH','34TRUONG DINH,Q3,TPHCM','08246108','10/03/1950','28/10/2006',21000)
INSERT INTO KHACHHANG(MAKH,HOTEN,DCHI,SODT,NGSINH,NGDK,DOANHSO) VALUES ('KH06','LE HOAI THUONG','227NGUYEN VAN CU,Q5,TPHCM','08631738','31/12/1981','24/11/2006',915000)
INSERT INTO KHACHHANG(MAKH,HOTEN,DCHI,SODT,NGSINH,NGDK,DOANHSO) VALUES ('KH07','NGUYEN VAN TAM','32/3 TRAN BINH TRONG,Q5,TPHCM','0916783565','06/06/1971','01/12/2006',12500)
INSERT INTO KHACHHANG(MAKH,HOTEN,DCHI,SODT,NGSINH,NGDK,DOANHSO) VALUES ('KH08','PHAN THI THANH','45/2 AN DUONG VUONG,Q5,TPHCM','0938435756','10/01/1971','13/12/2006',365000)
INSERT INTO KHACHHANG(MAKH,HOTEN,DCHI,SODT,NGSINH,NGDK,DOANHSO) VALUES ('KH09','LE HA VINH','837 LE HONG PHONG,Q5,TPHCM','08654763','03/03/1979','14/01/2007',70000)
INSERT INTO KHACHHANG(MAKH,HOTEN,DCHI,SODT,NGSINH,NGDK,DOANHSO) VALUES ('KH10','HA DUY LAP','34/34B NGUYEN TRAI,Q5,TPHCM','08768904','02/05/1983','16/01/2007',67500)

INSERT INTO SANPHAM(MASP,TENSP,DVT,NUOCSX,GIA) VALUES ('BC01','BUT CHI','CAY','SINGAPORE',3000)
INSERT INTO SANPHAM(MASP,TENSP,DVT,NUOCSX,GIA) VALUES ('BC02','BUT CHI','CAY','SINGAPORE',5000)
INSERT INTO SANPHAM(MASP,TENSP,DVT,NUOCSX,GIA) VALUES ('BC03','BUT CHI','CAY','VIETNAM',3500)
INSERT INTO SANPHAM(MASP,TENSP,DVT,NUOCSX,GIA) VALUES ('BC04','BUT CHI','HOP','VIETNAM',30000)
INSERT INTO SANPHAM(MASP,TENSP,DVT,NUOCSX,GIA) VALUES ('BB01','BUT BI','CAY','VIETNAM',5000)
INSERT INTO SANPHAM(MASP,TENSP,DVT,NUOCSX,GIA) VALUES ('BB02','BUT BI','CAY','TRUNGQUOC',7000)
INSERT INTO SANPHAM(MASP,TENSP,DVT,NUOCSX,GIA) VALUES ('BB03','BUT BI','HOP','THAILAN',100000)
INSERT INTO SANPHAM(MASP,TENSP,DVT,NUOCSX,GIA) VALUES ('TV01','TAP 100 TRANG GIAY MONG','QUYEN','TRUNGQUOC',2500)
INSERT INTO SANPHAM(MASP,TENSP,DVT,NUOCSX,GIA) VALUES ('TV02','TAP 200 TRANG GIAY MONG','QUYEN','TRUNGQUOC',4500)
INSERT INTO SANPHAM(MASP,TENSP,DVT,NUOCSX,GIA) VALUES ('TV03','TAP 100 TRANG GIAY TOT','QUYEN','VIETNAM',3000)
INSERT INTO SANPHAM(MASP,TENSP,DVT,NUOCSX,GIA) VALUES ('TV04','TAP 200 TRANG GIAY TOT','QUYEN','VIETNAM',5500)
INSERT INTO SANPHAM(MASP,TENSP,DVT,NUOCSX,GIA) VALUES ('TV05','TAP 100 TRANG ','CHUC','VIETNAM',23000)
INSERT INTO SANPHAM(MASP,TENSP,DVT,NUOCSX,GIA) VALUES ('TV06','TAP 200 TRANG ','CHUC','VIETNAM',53000)
INSERT INTO SANPHAM(MASP,TENSP,DVT,NUOCSX,GIA) VALUES ('TV07','TAP 100 TRANG ','CHUC','TRUNGQUOC',34000)
INSERT INTO SANPHAM(MASP,TENSP,DVT,NUOCSX,GIA) VALUES ('ST01','SO TAY 500 TRANG','QUYEN','TRUNGQUOC',40000)
INSERT INTO SANPHAM(MASP,TENSP,DVT,NUOCSX,GIA) VALUES ('ST02','SO TAY LOAI 1','QUYEN','VIETNAM',55000)
INSERT INTO SANPHAM(MASP,TENSP,DVT,NUOCSX,GIA) VALUES ('ST03','SO TAY LOAI 2','QUYEN','VIETNAM',51000)
INSERT INTO SANPHAM(MASP,TENSP,DVT,NUOCSX,GIA) VALUES ('ST04','SO TAY','QUYEN','THAILAN',55000)
INSERT INTO SANPHAM(MASP,TENSP,DVT,NUOCSX,GIA) VALUES ('ST05','SO TAY MONG','QUYEN','THAILAN',20000)
INSERT INTO SANPHAM(MASP,TENSP,DVT,NUOCSX,GIA) VALUES ('ST06','PHAN VIET BANG','HOP','VIETNAM',5000)
INSERT INTO SANPHAM(MASP,TENSP,DVT,NUOCSX,GIA) VALUES ('ST07','PHAN KHONG BUI','HOP','VIETNAM',7000)
INSERT INTO SANPHAM(MASP,TENSP,DVT,NUOCSX,GIA) VALUES ('ST08','BONG BAMG','CAI','VIETNAM',1000)
INSERT INTO SANPHAM(MASP,TENSP,DVT,NUOCSX,GIA) VALUES ('ST09','BUT LONG','CAY','VIETNAM',5000)
INSERT INTO SANPHAM(MASP,TENSP,DVT,NUOCSX,GIA) VALUES ('ST10','BUT LONG','CAY','TRUNGQUOC',7000)

INSERT INTO HOADON(SOHD,NGHD,MAKH,MANV,TRIGIA) VALUES (1001,'27/07/2006','KH01','NV01',320000)
INSERT INTO HOADON(SOHD,NGHD,MAKH,MANV,TRIGIA) VALUES (1002,'10/08/2006','KH01','NV02',840000)
INSERT INTO HOADON(SOHD,NGHD,MAKH,MANV,TRIGIA) VALUES (1003,'23/08/2006','KH02','NV01',100000)
INSERT INTO HOADON(SOHD,NGHD,MAKH,MANV,TRIGIA) VALUES (1004,'01/09/2006','KH02','NV01',180000)
INSERT INTO HOADON(SOHD,NGHD,MAKH,MANV,TRIGIA) VALUES (1005,'20/10/2006','KH01','NV02',3800000)
INSERT INTO HOADON(SOHD,NGHD,MAKH,MANV,TRIGIA) VALUES (1006,'16/10/2006','KH01','NV03',2430000)
INSERT INTO HOADON(SOHD,NGHD,MAKH,MANV,TRIGIA) VALUES (1007,'28/10/2006','KH03','NV03',510000)
INSERT INTO HOADON(SOHD,NGHD,MAKH,MANV,TRIGIA) VALUES (1008,'28/10/2006','KH01','NV03',440000)
INSERT INTO HOADON(SOHD,NGHD,MAKH,MANV,TRIGIA) VALUES (1009,'28/10/2006','KH03','NV04',200000)
INSERT INTO HOADON(SOHD,NGHD,MAKH,MANV,TRIGIA) VALUES (1010,'01/11/2006','KH01','NV01',5200000)
INSERT INTO HOADON(SOHD,NGHD,MAKH,MANV,TRIGIA) VALUES (1011,'04/11/2006','KH04','NV03',250000)
INSERT INTO HOADON(SOHD,NGHD,MAKH,MANV,TRIGIA) VALUES (1012,'30/11/2006','KH05','NV03',21000)
INSERT INTO HOADON(SOHD,NGHD,MAKH,MANV,TRIGIA) VALUES (1013,'12/12/2006','KH06','NV01',5000)
INSERT INTO HOADON(SOHD,NGHD,MAKH,MANV,TRIGIA) VALUES (1014,'31/12/2006','KH03','NV02',3150000)
INSERT INTO HOADON(SOHD,NGHD,MAKH,MANV,TRIGIA) VALUES (1015,'01/01/2007','KH06','NV01',910000)
INSERT INTO HOADON(SOHD,NGHD,MAKH,MANV,TRIGIA) VALUES (1016,'01/01/2007','KH07','NV02',12500)
INSERT INTO HOADON(SOHD,NGHD,MAKH,MANV,TRIGIA) VALUES (1017,'02/01/2007','KH08','NV03',35000)
INSERT INTO HOADON(SOHD,NGHD,MAKH,MANV,TRIGIA) VALUES (1018,'13/01/2007','KH08','NV03',330000)
INSERT INTO HOADON(SOHD,NGHD,MAKH,MANV,TRIGIA) VALUES (1019,'13/01/2007','KH01','NV03',30000)
INSERT INTO HOADON(SOHD,NGHD,MAKH,MANV,TRIGIA) VALUES (1020,'14/01/2007','KH09','NV04',70000)
INSERT INTO HOADON(SOHD,NGHD,MAKH,MANV,TRIGIA) VALUES (1021,'16/01/2007','KH10','NV03',67500)
INSERT INTO HOADON(SOHD,NGHD,MAKH,MANV,TRIGIA) VALUES (1022,'16/01/2007',NULL,'NV03',7000)
INSERT INTO HOADON(SOHD,NGHD,MAKH,MANV,TRIGIA) VALUES (1023,'17/01/2007',NULL,'NV01',330000)

INSERT INTO CTHD(SOHD,MASP,SL) VALUES (1001,'TV02',10)
INSERT INTO CTHD(SOHD,MASP,SL) VALUES (1001,'ST01',5)
INSERT INTO CTHD(SOHD,MASP,SL) VALUES (1001,'BC01',5)
INSERT INTO CTHD(SOHD,MASP,SL) VALUES (1001,'BC02',10)
INSERT INTO CTHD(SOHD,MASP,SL) VALUES (1001,'ST08',10)
INSERT INTO CTHD(SOHD,MASP,SL) VALUES (1002,'BC04',20)
INSERT INTO CTHD(SOHD,MASP,SL) VALUES (1002,'BB01',20)
INSERT INTO CTHD(SOHD,MASP,SL) VALUES (1002,'BB02',20)
INSERT INTO CTHD(SOHD,MASP,SL) VALUES (1003,'BB03',10)
INSERT INTO CTHD(SOHD,MASP,SL) VALUES (1004,'TV01',20)
INSERT INTO CTHD(SOHD,MASP,SL) VALUES (1004,'TV02',10)
INSERT INTO CTHD(SOHD,MASP,SL) VALUES (1004,'TV03',10)
INSERT INTO CTHD(SOHD,MASP,SL) VALUES (1004,'TV04',10)
INSERT INTO CTHD(SOHD,MASP,SL) VALUES (1005,'TV05',50)
INSERT INTO CTHD(SOHD,MASP,SL) VALUES (1005,'TV06',50)
INSERT INTO CTHD(SOHD,MASP,SL) VALUES (1006,'TV07',20)
INSERT INTO CTHD(SOHD,MASP,SL) VALUES (1006,'ST01',30)
INSERT INTO CTHD(SOHD,MASP,SL) VALUES (1006,'ST02',10)
INSERT INTO CTHD(SOHD,MASP,SL) VALUES (1007,'ST03',10)
INSERT INTO CTHD(SOHD,MASP,SL) VALUES (1008,'ST04',8)
INSERT INTO CTHD(SOHD,MASP,SL) VALUES (1009,'ST05',10)
INSERT INTO CTHD(SOHD,MASP,SL) VALUES (1010,'TV07',50)
INSERT INTO CTHD(SOHD,MASP,SL) VALUES (1010,'ST07',50)
INSERT INTO CTHD(SOHD,MASP,SL) VALUES (1010,'ST08',100)
INSERT INTO CTHD(SOHD,MASP,SL) VALUES (1010,'ST04',50)
INSERT INTO CTHD(SOHD,MASP,SL) VALUES (1010,'TV03',100)
INSERT INTO CTHD(SOHD,MASP,SL) VALUES (1011,'ST06',50)
INSERT INTO CTHD(SOHD,MASP,SL) VALUES (1012,'ST07',3)
INSERT INTO CTHD(SOHD,MASP,SL) VALUES (1013,'ST08',5)
INSERT INTO CTHD(SOHD,MASP,SL) VALUES (1014,'BC02',80)
INSERT INTO CTHD(SOHD,MASP,SL) VALUES (1014,'BB02',100)
INSERT INTO CTHD(SOHD,MASP,SL) VALUES (1014,'BC04',60)
INSERT INTO CTHD(SOHD,MASP,SL) VALUES (1014,'BB01',50)
INSERT INTO CTHD(SOHD,MASP,SL) VALUES (1015,'BB02',30)
INSERT INTO CTHD(SOHD,MASP,SL) VALUES (1015,'BB03',7)
INSERT INTO CTHD(SOHD,MASP,SL) VALUES (1016,'TV01',5)
INSERT INTO CTHD(SOHD,MASP,SL) VALUES (1017,'TV02',1)
INSERT INTO CTHD(SOHD,MASP,SL) VALUES (1017,'TV03',1)
INSERT INTO CTHD(SOHD,MASP,SL) VALUES (1017,'TV04',5)
INSERT INTO CTHD(SOHD,MASP,SL) VALUES (1018,'ST04',6)
INSERT INTO CTHD(SOHD,MASP,SL) VALUES (1019,'ST05',1)
INSERT INTO CTHD(SOHD,MASP,SL) VALUES (1019,'ST06',2)
INSERT INTO CTHD(SOHD,MASP,SL) VALUES (1020,'ST07',10)
INSERT INTO CTHD(SOHD,MASP,SL) VALUES (1021,'ST08',5)
INSERT INTO CTHD(SOHD,MASP,SL) VALUES (1021,'TV01',7)
INSERT INTO CTHD(SOHD,MASP,SL) VALUES (1021,'TV02',10)
INSERT INTO CTHD(SOHD,MASP,SL) VALUES (1022,'ST07',1)
INSERT INTO CTHD(SOHD,MASP,SL) VALUES (1023,'ST04',6)

--CAU2: CLONE SANPHAM1, KHACHHANG1
SELECT *INTO NHANVIEN1 FROM NHANVIEN;
SELECT *INTO KHACHHANG1 FROM KHACHHANG;
SELECT *INTO SANPHAM1 FROM SANPHAM;

--CAU3: UPDATE PRICE INCREASE UP TO 5% WHERE NUOCSX='Thai lan'
UPDATE SANPHAM1
SET GIA=GIA*1.05
WHERE NUOCSX='THAILAN';

--CAU4: UPDATE PRICE INCREASE UP TO 5% WHERE NUOCSX="TRUNG QUOC" AND PRICE<10000;
UPDATE SANPHAM1
SET GIA=GIA*1.05
WHERE NUOCSX='TRUNG QUOC' AND GIA<10000;

--CAU5:
UPDATE KHACHHANG1
SET LOAIKH='VIP'
WHERE (NGDK<=01/01/2017 AND DOANHSO<10000000) OR (NGDK>01/01/2017 AND DOANHSO>2000000);

----PART III:
--1.	In ra danh sách các sản phẩm (MASP,TENSP) do “Trung Quoc” sản xuất.
SELECT SP.MASP,SP.TENSP
FROM SANPHAM SP 
WHERE NUOCSX='TRUNGQUOC'
--2.	In ra danh sách các sản phẩm (MASP, TENSP) có đơn vị tính là “cay”, ”quyen”.
SELECT SP.MASP,SP.TENSP
FROM SANPHAM SP 
WHERE DVT='Cay'
union
SELECT SP.MASP,SP.TENSP
FROM SANPHAM SP 
WHERE DVT='Quyen'
go
--c2:
SELECT SP.MASP,SP.TENSP
FROM SANPHAM SP 
WHERE DVT='Cay' or DVT='Quyen'
--3.	In ra danh sách các sản phẩm (MASP,TENSP) có mã sản phẩm bắt đầu là “B” và kết thúc là “01”.
SELECT SP.MASP,SP.TENSP
FROM SANPHAM SP 
WHERE SP.MASP LIKE 'B%01'
GO
--4.	In ra danh sách các sản phẩm (MASP,TENSP) do “Trung Quốc” sản xuất có giá từ 30.000 đến 40.000.
SELECT SP.MASP,SP.TENSP
FROM SANPHAM SP 
WHERE NUOCSX='TRUNGQUOC' AND SP.GIA BETWEEN 30000 AND 40000
--C2:
SELECT SP.MASP,SP.TENSP
FROM SANPHAM SP 
WHERE NUOCSX='TRUNGQUOC' AND SP.GIA >= 30000 AND SP.GIA <=40000
--5.	In ra danh sách các sản phẩm (MASP,TENSP) do “Trung Quoc” hoặc “Thai Lan” sản xuất có giá từ 30.000 đến 40.000.
SELECT SP.MASP,SP.TENSP
FROM SANPHAM SP 
WHERE NUOCSX='TRUNGQUOC' AND SP.GIA BETWEEN 30000 AND 40000
UNION
SELECT SP.MASP,SP.TENSP
FROM SANPHAM SP 
WHERE NUOCSX='THAILAN' AND SP.GIA BETWEEN 30000 AND 40000
GO
--C2:
SELECT SP.MASP,SP.TENSP,SP.DVT,SP.GIA,SP.NUOCSX
FROM SANPHAM SP
WHERE (SP.NUOCSX='TRUNGQUOC' OR SP.NUOCSX='THAILAN') AND (SP.GIA>=30000 AND SP.GIA<=40000);
--6.	In ra các số hóa đơn, trị giá hóa đơn bán ra trong ngày 1/1/2007 và ngày 2/1/2007.
SELECT HD.SOHD,HD.TRIGIA
FROM HOADON HD 
WHERE YEAR(HD.NGHD)=2017 AND MONTH(HD.NGHD)=1 AND (DAY(HD.NGHD)=1 OR DAY(HD.NGHD)=2);
--7.	In ra các số hóa đơn, trị giá hóa đơn trong tháng 1/2007, sắp xếp theo ngày (tăng dần) và trị giá của hóa đơn (giảm dần).
--13.	Tìm các số hóa đơn mua cùng lúc 2 sản phẩm có mã số “BB01” và “BB02”, mỗi sản phẩm mua với số lượng từ 10 đến 20.
SELECT DISTINCT CT.SOHD
FROM CTHD CT
WHERE MASP='BB01' AND SL BETWEEN 10 AND 20 AND SOHD IN 
	(SELECT DISTINCT SOHD FROM CTHD WHERE MASP='BB02' AND SL BETWEEN 10 AND 20)
--C2:
SELECT DISTINCT CT.SOHD
FROM CTHD CT
WHERE MASP='BB01' AND SL BETWEEN 10 AND 20
INTERSECT
SELECT DISTINCT CT.SOHD
FROM CTHD CT
WHERE MASP='BB02' AND SL BETWEEN 10 AND 20
--14.	In ra danh sách các sản phẩm (MASP,TENSP) do “Trung Quoc” sản xuất hoặc các sản phẩm được bán ra trong ngày 1/1/2007.
SELECT SP.MASP,SP.TENSP
FROM SANPHAM SP
WHERE SP.NUOCSX='TRUNGQUOC' OR SP.MASP IN (SELECT DISTINCT CT.MASP FROM CTHD CT JOIN SANPHAM SPL ON SPL.MASP=CT.MASP
										JOIN HOADON HD ON HD.SOHD=CT.SOHD
										WHERE HD.NGHD='01/01/2007')
--C2:
 SELECT DISTINCT MASP,TENSP
 FROM SANPHAM , HOADON
 WHERE NUOCSX='TRUNGQUOC' AND NGHD='01/01/2007'

 --15.	In ra danh sách các sản phẩm (MASP,TENSP) không bán được.
 SELECT MASP,TENSP
 FROM SANPHAM 
 WHERE MASP NOT IN (SELECT MASP FROM CTHD);
 --16.	In ra danh sách các sản phẩm (MASP,TENSP) không bán được trong năm 2006.
  SELECT MASP,TENSP
 FROM SANPHAM 
 WHERE MASP NOT IN (SELECT MASP FROM CTHD CT JOIN HOADON HD ON CT.SOHD=HD.SOHD
					WHERE YEAR(HD.NGHD)='2006')
--17.	In ra danh sách các sản phẩm (MASP,TENSP) do “Trung Quoc” sản xuất không bán được trong năm 2006.
 SELECT MASP,TENSP
 FROM SANPHAM 
 WHERE NUOCSX='TRUNGQUOC' AND MASP NOT IN (SELECT MASP FROM CTHD CT JOIN HOADON HD ON CT.SOHD=HD.SOHD
					WHERE YEAR(HD.NGHD)='2006')		
--18.	Tìm số hóa đơn đã mua tất cả các sản phẩm do Singapore sản xuất.
SELECT DISTINCT A.SOHD
FROM CTHD A
WHERE NOT EXISTS 
	(SELECT * FROM SANPHAM B
	WHERE NUOCSX ='SINGAPORE'
		AND NOT EXISTS(SELECT * FROM CTHD C
		WHERE C.MASP=B.MASP AND C.SOHD=A.SOHD));
--CAU19:19.	Tìm số hóa đơn trong năm 2006 đã mua ít nhất tất cả các sản phẩm do Singapore sản xuất.
SELECT DISTINCT A.SOHD
FROM CTHD A
WHERE NOT EXISTS 
	(SELECT * FROM SANPHAM B, HOADON D
	WHERE NUOCSX='SINGAPORE' AND YEAR(D.NGHD)='2006'
	AND NOT EXISTS(SELECT * FROM CTHD C, HOADON D
	WHERE C.MASP=B.MASP AND C.SOHD=A.SOHD AND D.SOHD=A.SOHD));

--20.	Có bao nhiêu hóa đơn không phải của khách hàng đăng ký thành viên mua?
SELECT COUNT(SOHD)
FROM HOADON
WHERE MAKH IS NULL;
--21.	Có bao nhiêu sản phẩm khác nhau được bán ra trong năm 2006.
SELECT COUNT(DISTINCT SP.MASP)
FROM SANPHAM SP JOIN CTHD CT ON SP.MASP=CT.MASP
	JOIN HOADON HD ON HD.SOHD=CT.SOHD
WHERE YEAR(HD.NGHD)='2006'; 
--22.	Cho biết trị giá hóa đơn cao nhất, thấp nhất là bao nhiêu ?
SELECT MAX(TRIGIA)
FROM HOADON HD 
--
SELECT MIN(TRIGIA)
FROM HOADON HD
--23.	Trị giá trung bình của tất cả các hóa đơn được bán ra trong năm 2006 là bao nhiêu?
SELECT AVG(TRIGIA)
FROM HOADON HD
WHERE YEAR(HD.NGHD)='2006';
--24.	Tính doanh thu bán hàng trong năm 2006.
SELECT SUM(TRIGIA)
FROM HOADON HD
WHERE YEAR(HD.NGHD)='2006';
--25.	Tìm số hóa đơn có trị giá cao nhất trong năm 2006.
SELECT HD.SOHD
FROM HOADON HD 
WHERE HD.TRIGIA =(SELECT MAX(HD.TRIGIA)
						FROM HOADON HD);
--26.	Tìm họ tên khách hàng đã mua hóa đơn có trị giá cao nhất trong năm 2006.
SELECT KH.MAKH, KH.HOTEN
FROM KHACHHANG KH JOIN HOADON HD ON KH.MAKH=HD.MAKH
WHERE HD.TRIGIA >= (SELECT MAX(TRIGIA) FROM HOADON
					WHERE YEAR(HD.NGHD)='2006')
--27.	In ra danh sách 3 khách hàng đầu tiên (MAKH, HOTEN) sắp xếp theo doanh số giảm dần.
SELECT TOP 3 KH.HOTEN,KH.DOANHSO
FROM KHACHHANG KH
ORDER BY DOANHSO DESC;
--28: 28.	In ra danh sách các sản phẩm (MASP, TENSP) có giá bán bằng 1 trong 3 mức giá cao nhất.
SELECT MASP,TENSP
FROM SANPHAM
WHERE GIA IN (SELECT TOP 3 GIA
				FROM SANPHAM)
--29.	In ra danh sách các sản phẩm (MASP, TENSP) do “Thai Lan” sản xuất có giá bằng 1 trong 3 mức giá cao nhất (của tất cả các sản phẩm).
SELECT MASP,TENSP
FROM SANPHAM
WHERE NUOCSX='THAILAN' AND GIA IN (SELECT TOP 3 GIA
				FROM SANPHAM)
--30.	In ra danh sách các sản phẩm (MASP, TENSP) do “Trung Quoc” sản xuất có giá bằng 1 trong 3 mức giá cao nhất (của sản phẩm do “Trung Quoc” sản xuất).
SELECT MASP,TENSP
FROM SANPHAM
WHERE NUOCSX='THAILAN' AND GIA IN (SELECT TOP 3 GIA
				FROM SANPHAM WHERE NUOCSX='TRUNGQUOC')
--31.	* In ra danh sách khách hàng nằm trong 3 hạng cao nhất (xếp hạng theo doanh số).
SELECT KH.MAKH,KH.HOTEN
FROM KHACHHANG KH 
WHERE DOANHSO IN (SELECT TOP 3 DOANHSO FROM KHACHHANG)

--32.	Tính tổng số sản phẩm do “Trung Quoc” sản xuất.
SELECT COUNT(DISTINCT MASP)
FROM SANPHAM 
WHERE NUOCSX='TRUNGQUOC'
--33.	Tính tổng số sản phẩm của từng nước sản xuất.
SELECT COUNT(DISTINCT MASP) AS TONGSP, NUOCSX
FROM SANPHAM 
GROUP BY NUOCSX
--34.	Với từng nước sản xuất, tìm giá bán cao nhất, thấp nhất, trung bình của các sản phẩm.
SELECT MAX(GIA) AS MAXG,MIN(GIA) AS MING,AVG(GIA) AS AVGG, NUOCSX
FROM SANPHAM
GROUP BY NUOCSX
--35.	Tính doanh thu bán hàng mỗi ngày.
SELECT SUM(TRIGIA) AS DOANHTHUDAILY,NGHD
FROM HOADON
GROUP BY NGHD
--36.	Tính tổng số lượng của từng sản phẩm bán ra trong tháng 10/2006.
SELECT COUNT(SL),CT.MASP
FROM CTHD CT JOIN SANPHAM SP ON CT.MASP=SP.MASP
	JOIN HOADON HD ON CT.SOHD=HD.SOHD
WHERE YEAR(NGHD)='2006' AND MONTH(NGHD)='10'
GROUP BY  CT.MASP;
--37.	Tính doanh thu bán hàng của từng tháng trong năm 2006.
SELECT SUM(TRIGIA) AS DOANHTHU,MONTH(NGHD) AS MONTH
FROM HOADON
WHERE YEAR(NGHD)='2006'
GROUP BY MONTH(NGHD)
--38.	Tìm hóa đơn có mua ít nhất 4 sản phẩm khác nhau.
SELECT HD.SOHD 
FROM HOADON HD 
WHERE SOHD IN(SELECT SOHD
    FROM  CTHD
    GROUP BY SOHD
    HAVING COUNT(DISTINCT MASP)>=4)
--39.	Tìm hóa đơn có mua 3 sản phẩm do “Viet Nam” sản xuất (3 sản phẩm khác nhau).
SELECT HD.SOHD
FROM HOADON HD 
WHERE SOHD IN (SELECT SOHD
    FROM  CTHD CT JOIN SANPHAM SP ON CT.MASP=SP.MASP
	WHERE NUOCSX='VIET NAM'
    GROUP BY CT.SOHD
    HAVING COUNT(DISTINCT CT.MASP)>=3)
--40.	Tìm khách hàng (MAKH, HOTEN) có số lần mua hàng nhiều nhất. 
SELECT *
FROM  KHACHHANG
WHERE MAKH IN (SELECT MAKH
    FROM  HOADON
    GROUP BY MAKH
    HAVING COUNT(SOHD)>=ALL(SELECT  COUNT(SOHD)
          FROM  HOADON
          GROUP BY MAKH))
--41.	Tháng mấy trong năm 2006, doanh số bán hàng cao nhất ?
SELECT MONTH(NGHD) THANG
FROM  HOADON
WHERE YEAR(NGHD)=2006
GROUP BY MONTH(NGHD)
HAVING SUM(TRIGIA)>=ALL(SELECT SUM(TRIGIA)
     FROM  HOADON
     WHERE YEAR(NGHD)=2006
     GROUP BY MONTH(NGHD))
--CAU 42
SELECT B.MASP, TENSP
FROM  SANPHAM A,CTHD B, HOADON C
WHERE A.MASP=B.MASP AND B.SOHD=C.SOHD AND YEAR(NGHD)=2006
GROUP BY B.MASP,TENSP
HAVING SUM(SL)>=ALL(SELECT  SUM(SL)
     FROM  CTHD A, HOADON B
     WHERE A.SOHD=B.SOHD AND YEAR(NGHD)=2006
     GROUP BY MASP)
--CAU 43:
SELECT NUOCSX,MASP, TENSP
FROM  SANPHAM A
WHERE GIA=(SELECT MAX(GIA)
   FROM  SANPHAM B
   WHERE A.NUOCSX=B.NUOCSX)
GROUP BY NUOCSX,MASP,TENSP
--CAU 44)
SELECT NUOCSX
FROM  SANPHAM
GROUP BY NUOCSX
HAVING COUNT(DISTINCT GIA)>=3
--CAU 45)
SELECT *
FROM  KHACHHANG
WHERE MAKH IN (SELECT A.MAKH
    FROM  HOADON A, KHACHHANG B
    WHERE A.MAKH=B.MAKH AND
      DOANHSO IN (SELECT TOP 10 DOANHSO
        FROM  KHACHHANG
        ORDER BY DOANHSO DESC) 
    GROUP BY A.MAKH
    HAVING COUNT(SOHD)>=ALL(SELECT  COUNT(SOHD)
          FROM  HOADON A, KHACHHANG B
          WHERE A.MAKH=B.MAKH AND
            DOANHSO IN (SELECT TOP 10 DOANHSO
               FROM  KHACHHANG
               ORDER BY DOANHSO DESC)  
          GROUP BY A.MAKH))